time,velocity
-0.001407,3.020237
0.02038,3.141791
0.04372,3.306946
0.06589,3.450633
0.08802,3.600991
0.11037,3.751425
0.13263,3.929309
0.15393,4.072113
0.17733,4.238203
0.20052,4.390723
0.22163,4.428476
0.24468,4.477322
0.26683,4.406096
0.28868,4.372151
0.31097,4.272503
0.33412,4.022061
0.35576,3.806701
0.37875,3.56461
0.40064,3.360082
0.42423,3.185964
0.44518,3.056753
0.46928,3.016737
0.49071,3.00234
0.51196,3.005478
0.53518,3.073501
0.55707,3.14553
0.57982,3.334315
0.60197,3.479395
0.6237,3.55248
0.64619,3.600752
0.66881,3.654774
0.69111,3.726662
0.71391,3.787551
0.7366,3.801647
0.75837,3.771107
0.78129,3.747841
0.80293,3.781998
0.82459,3.811302
0.84817,3.865932
0.86984,3.933988
0.89189,3.970746
0.91513,3.997241
0.9367,3.948494
0.95852,3.889625
0.98233,3.840099
1.00362,3.785889
1.02635,3.691934
1.04878,3.600884
1.07022,3.463198
1.09307,3.290835
1.11593,3.144137
1.13739,3.037238
1.15977,2.897296
1.18305,2.783796
1.20514,2.659355
1.22728,2.562967
1.25085,2.490963
1.27144,2.456254
1.29422,2.436509
1.31614,2.377452
1.33933,2.358398
1.3608,2.352183
1.38412,2.356574
1.40579,2.318733
1.42782,2.317018
1.45018,2.325691
1.47268,2.358873
1.4956,2.413938
1.51789,2.560648
1.53957,2.74445
1.56268,2.894989
1.58526,2.98225
1.60723,3.101198
1.62999,3.210001
1.65181,3.307974
1.67331,3.379843
1.69666,3.448841
1.71832,3.494913
1.74165,3.487621
1.76311,3.471185
1.78636,3.396889
1.80881,3.277803
1.83041,3.177068
1.85434,3.106445
1.87477,3.111225
1.89848,3.13753
1.91938,3.213605
1.94133,3.284684
1.96446,3.351232
1.98687,3.448449
2.00857,3.533908
2.03263,3.541879
2.05373,3.53759
2.07612,3.471965
2.09937,3.358549
2.12184,3.207676
2.14371,3.028373
2.16605,2.829938
2.18784,2.645523
2.21076,2.489601
2.23306,2.369372
2.25431,2.230549
2.27758,2.129671
2.30134,1.946951
2.32203,1.906726
2.3443,1.879313
2.36713,1.860126
2.38875,1.864677
2.41094,1.964723
2.43374,2.044421
2.45606,2.091176
2.47829,2.177371
2.50054,2.356959
2.52332,2.460263
2.54564,2.569661
2.56782,2.612379
2.59001,2.600354
2.61322,2.665322
2.63564,2.737494
2.6574,2.833607
2.67998,3.029058
2.70185,3.200436
2.72385,3.400004
2.74719,3.657036
2.76902,3.897813
2.79079,4.075088
2.81367,4.212463
2.83515,4.315232
2.85757,4.423229
2.88056,4.482993
2.90347,4.503346
2.92477,4.509282
2.94802,4.511874
2.97028,4.47458
2.99218,4.416505
3.01436,4.343386
3.0372,4.208257
3.05887,4.040448
3.08349,3.885065
3.10417,3.694902
3.12595,3.475941
3.14893,3.288246
3.17071,3.129194
3.19305,2.9454
3.21659,2.809989
3.23779,2.701273
3.26013,2.616179
3.28303,2.501294
3.3049,2.415063
3.32707,2.344712
3.3496,2.271395
3.37263,2.222873
3.39448,2.145273
3.41633,2.096628
3.4385,2.020743
3.46099,1.92453
3.48379,1.813554
3.50582,1.69181
3.52841,1.563458
3.55156,1.432038
3.57296,1.351207
3.59497,1.312026
3.61816,1.266882
3.64039,1.216748
3.66213,1.204792
3.6856,1.17394
3.70685,1.179111
3.72935,1.162583
3.75148,1.128768
3.77455,1.08231
3.79592,1.090746
3.81841,1.078422
3.84134,1.10028
3.86334,1.164457
3.88512,1.249947
3.90774,1.355188
3.93053,1.473775
3.95279,1.6097
3.97644,1.742306
3.99785,1.861752
4.01995,1.965674
4.04132,2.065245
4.06485,2.108853
4.08656,2.106375
4.10854,2.135109
4.13175,2.170485
4.15334,2.16027
4.17541,2.164788
4.19925,2.145301
4.22017,2.143356
4.24269,2.104106
4.26522,2.089287
4.28751,2.106175
4.31001,2.082846
4.33276,2.092956
4.35427,2.117526
4.3766,2.165021
4.3993,2.215472
4.4223,2.296192
4.44403,2.323875
4.46631,2.339195
4.48819,2.310519
4.51075,2.246685
4.53358,2.173946
4.55532,2.142554
4.57829,2.0832
4.60067,2.007723
4.62337,1.962106
4.64528,1.956114
4.6676,1.967676
4.68882,1.995352
4.71192,2.103703
4.73578,2.164618
4.75683,2.244416
4.78063,2.319645
4.80112,2.455153
4.8243,2.623325
4.84646,2.829018
4.86834,3.010927
4.89065,3.156167
4.91312,3.269112
4.93548,3.368378
4.9578,3.390398
4.98115,3.348641
5.00238,3.306788
5.02537,3.214788
5.04742,3.083384
5.06988,2.973202
5.09205,2.881776
5.11477,2.807151
5.13601,2.697372
5.1579,2.625492
5.18164,2.585655
5.20454,2.507852
5.22653,2.454615
5.25019,2.469961
5.27089,2.504104
5.29264,2.602884
5.31534,2.705015
5.33804,2.882849
5.35931,3.115373
5.38384,3.299801
5.40557,3.456355
5.42645,3.588138
5.44989,3.75129
5.47087,3.868328
5.49395,3.960764
5.51707,3.992837
5.53799,3.972797
5.56113,3.887528
5.58362,3.803203
5.60536,3.732899
5.62783,3.675157
5.65013,3.56306
5.67209,3.409665
5.69455,3.225549
5.7175,3.070523
5.73997,2.890221
5.7612,2.693407
5.78463,2.536713
5.80688,2.506861
5.82911,2.461963
5.85196,2.500078
5.87401,2.601728
5.89613,2.703003
5.91963,2.801431
5.94079,2.882549
5.96417,2.89778
5.98666,2.861433
6.00749,2.782129
6.03108,2.668628
6.05272,2.529786
6.07442,2.424423
6.09833,2.330536
6.12096,2.295009
6.14231,2.226649
6.16485,2.298107
6.18684,2.431088
6.20969,2.613536
6.23226,2.945838
6.25383,3.227597
6.27596,3.503608
6.29846,3.843539
6.32052,4.114908
6.3432,4.315322
6.36582,4.516125
6.38824,4.683301
6.40936,4.816971
6.43247,4.904759
6.45404,4.940457
6.4775,4.93338
6.50024,4.930577
6.521,4.92102
6.54321,4.902825
6.5661,4.916791
6.58803,4.867589
6.61054,4.81718
6.63352,4.6823
6.65572,4.525149
6.67799,4.369124
6.70019,4.165951
6.72204,4.077084
6.74501,3.828009
6.76761,3.66742
6.78913,3.472556
6.81265,3.30374
6.8346,3.17213
6.85703,3.087386
6.87917,2.988614
6.90209,2.906903
6.92288,2.856356
6.94612,2.906275
6.97009,2.983205
6.99094,2.993091
7.01392,3.062157
7.03608,3.064466
7.05774,3.104543
7.08123,3.10789
7.10237,3.119712
7.12457,3.176793
7.14721,3.167204
7.16985,3.116695
7.19176,3.07461
7.21422,3.050133
7.23619,3.09036
7.25837,3.215732
7.28162,3.354475
7.30312,3.407936
7.32529,3.442117
7.34757,3.410189
7.37036,3.325258
7.39324,3.211576
7.41542,3.0638
7.43776,2.890574
7.45988,2.699974
7.48279,2.497171
7.50496,2.289029
7.52685,2.08004
7.5498,1.924589
7.57129,1.814843
7.59389,1.743841
7.61665,1.733438
7.63844,1.768466
7.66051,1.829186
7.68445,1.896245
7.70584,2.082158
7.72795,2.289009
7.75024,2.555265
7.77219,2.788546
7.79502,3.030045
7.8182,3.235254
7.83888,3.344269
7.86119,3.42385
7.88434,3.442552
7.90641,3.397221
7.92869,3.350799
7.95155,3.253576
7.97476,3.167669
7.9955,3.041672
8.01784,2.88619
8.04037,2.70953
8.06316,2.518098
8.08501,2.369539
8.10784,2.24675
8.12905,2.245784
8.15334,2.256315
8.17466,2.237533
8.19676,2.260519
8.2201,2.326536
8.24376,2.392589
8.26393,2.404038
8.28772,2.429058
8.30907,2.463213
8.33183,2.511317
8.35311,2.506154
8.37583,2.508686
8.39776,2.568925
8.421,2.622581
8.44247,2.682851
8.46632,2.871855
8.48708,3.030378
8.50922,3.304459
8.53206,3.530406
8.55445,3.767285
8.57657,3.943151
8.60007,4.092244
8.6216,4.129047
8.64349,4.187215
8.66642,4.214119
8.68867,4.224443
8.71066,4.271193
8.73339,4.276993
8.75508,4.27426
8.77766,4.295194
8.79994,4.316328
8.82221,4.257587
8.84474,4.202804
8.86716,4.170262
8.88959,4.154471
8.91136,4.128794
8.93419,4.135375
8.95598,4.128114
8.97857,4.098182
9.00132,4.051127
9.02341,3.992541
9.04573,3.874938
9.06868,3.762304
9.09053,3.616511
9.11317,3.486348
9.13489,3.370375
9.15821,3.344924
9.17968,3.390824
9.20297,3.531334
9.22445,3.64374
9.24762,3.809205
9.26916,3.949839
9.29243,3.994542
9.31516,4.062065
9.33794,4.046134
9.3585,4.013618
9.38208,3.968277
9.40347,3.963385
9.42589,4.003315
9.44877,4.016072
9.47114,4.068587
9.49265,4.089604
9.51496,4.085582
9.53731,4.071311
9.55913,3.987091
9.58258,3.950365
9.60531,3.901267
9.62642,3.84881
9.65001,3.844742
9.67104,3.82395
9.69328,3.790707
9.71676,3.780594
9.73826,3.835921
9.7613,3.864352
9.7839,3.932708
9.805,3.969822
9.82813,4.008505
9.85044,4.055895
9.87193,4.074616
9.89486,4.069779
9.91692,4.084127
9.93909,4.048219
9.96151,3.948047
9.9845,3.848327
10.00659,3.750046
10.02897,3.654606
10.05063,3.563198
10.07264,3.477381
10.09562,3.408058
10.11865,3.343081
10.13971,3.282533
10.16222,3.186436
10.1865,3.104191
10.20731,3.009872
10.22992,2.956307
10.25224,2.860992
10.27812,2.733691
10.29667,2.675143
10.3186,2.590283
10.341,2.476023
10.3642,2.39084
10.38633,2.341179
10.40871,2.360757
10.43089,2.39646
10.45306,2.433379
10.47508,2.430951
10.49833,2.487194
10.52001,2.488309
10.54223,2.495594
10.56527,2.459188
10.58746,2.474527
10.60978,2.4676
10.63348,2.453458
10.65423,2.427651
10.67658,2.429172
10.69909,2.412247
10.72233,2.330696
10.74358,2.287759
10.76769,2.247625
10.78843,2.224697
10.81076,2.206439
10.83305,2.153089
10.8552,2.122158
10.87797,2.069968
10.90046,2.01303
10.92225,1.931551
10.94428,1.910381
10.96741,1.824139
10.98954,1.741235
11.0113,1.694355
11.03476,1.626608
11.05649,1.543157
11.07897,1.44846
11.10038,1.346309
11.12277,1.290781
11.14584,1.223126
11.16843,1.14759
11.19012,1.066246
11.21332,0.9816346
11.23471,0.9467266
11.25721,0.929415
11.27922,0.9232257
11.30215,0.9521219
11.32572,1.009691
11.34799,1.088725
11.37226,1.235613
11.39138,1.383606
11.4146,1.478408
11.43565,1.539258
11.45872,1.612398
11.48104,1.643309
11.50337,1.638715
11.52545,1.606214
11.54801,1.551678
11.5712,1.480227
11.59217,1.446507
11.61501,1.393782
11.6384,1.327341
11.65978,1.250215
11.68207,1.216682
11.70412,1.168141
11.72685,1.135174
11.74919,1.113454
11.77155,1.127221
11.79326,1.17865
11.81748,1.250714
11.83798,1.34785
11.86061,1.503612
11.88342,1.60354
11.9055,1.716321
11.9275,1.828419
11.95037,1.887103
11.97487,1.951635
11.9946,1.969613
12.01701,2.000502
12.0392,1.990363
12.06172,1.947191
12.08437,1.928178
12.10635,1.878908
12.12988,1.805988
12.15098,1.766116
12.17289,1.702789
12.19593,1.682255
12.21806,1.686992
12.24035,1.712107
12.26233,1.753308
12.28571,1.816478
12.30736,1.83575
12.32944,1.870791
12.35213,1.916476
12.37454,1.91981
12.39693,1.915663
12.41899,1.953573
12.4418,1.959005
12.46385,1.979917
12.48653,1.988188
12.50824,2.035075
12.53108,2.097794
12.55314,2.163414
12.57538,2.178564
12.59954,2.21301
12.62016,2.252198
12.64246,2.244376
12.66453,2.197859
12.6878,2.172503
12.70985,2.113042
12.73192,2.078682
12.75468,2.014346
12.77649,1.927231
12.79893,1.874107
12.82133,1.807602
12.84396,1.724052
12.8659,1.677017
12.8877,1.60945
12.91092,1.526452
12.93326,1.432406
12.95529,1.330304
12.97788,1.170541
12.99999,1.116808
13.02252,1.042429
13.04452,0.9816814
13.06862,0.9653944
13.08895,0.9861587
13.11287,1.03733
13.13416,1.120848
13.15612,1.219706
13.17834,1.338598
13.20098,1.461535
13.22476,1.588409
13.24529,1.723454
13.26842,1.903426
13.29061,2.015201
13.31321,2.130469
13.33627,2.264181
13.35707,2.383745
13.38087,2.522954
13.40117,2.69319
13.42452,2.792877
13.44598,2.877484
13.46865,3.005597
13.49081,3.106681
13.51344,3.184893
13.53562,3.252211
13.55795,3.249603
13.5801,3.240528
13.60307,3.226936
13.62456,3.168434
13.64812,3.116256
13.66971,3.019255
13.69267,2.937772
13.71443,2.820146
13.73676,2.72623
13.75878,2.662054
13.78254,2.562565
13.8037,2.487077
13.82666,2.432733
13.84969,2.34486
13.87104,2.283396
13.89409,2.244363
13.91572,2.17333
13.93787,2.137342
13.95989,2.121543
13.98339,2.070734
14.00506,2.044071
14.02713,2.036308
14.04924,1.993135
14.0733,1.923149
14.09481,1.882825
14.1176,1.817084
14.13971,1.731903
14.16167,1.632488
14.18385,1.523273
14.20542,1.40806
14.22767,1.289994
14.25154,1.171699
14.27327,1.055282
14.29492,0.9424481
14.31828,0.885407
14.33986,0.8236505
14.3628,0.8100687
14.3854,0.7848331
14.40741,0.7506055
14.42898,0.7632979
14.45154,0.7688912
14.47431,0.8115693
14.49643,0.8318885
14.51938,0.884632
14.54069,0.9125691
14.56377,0.9191624
14.58615,0.9592671
14.60799,0.9748999
14.63127,1.020595
14.6525,1.089826
14.67495,1.126017
14.69795,1.245243
14.71953,1.370854
14.74181,1.54865
14.76474,1.716575
14.78687,1.907998
14.80938,2.112365
14.83187,2.291716
14.85406,2.448767
14.87603,2.591921
14.89988,2.712122
14.92042,2.811029
14.94304,2.900315
14.96498,2.972042
14.98845,3.028043
15.0098,3.070401
15.03274,3.05909
15.05431,3.047073
15.0768,3.061988
15.09922,3.103962
15.12158,3.082705
15.14386,3.062212
15.16795,3.014934
15.18839,3.001992
15.21096,2.989639
15.23409,2.952766
15.25679,2.928397
15.27782,2.91338
15.30144,2.956555
15.32328,2.989732
15.34567,3.022299
15.36823,3.046482
15.38966,3.013315
15.41322,2.933494
15.43467,2.817292
15.45747,2.724571
15.47976,2.653244
15.50177,2.549063
15.52483,2.47004
15.54746,2.421359
15.56936,2.389515
15.59163,2.371911
15.61358,2.366854
15.63684,2.328404
15.65724,2.306481
15.68069,2.248198
15.70256,2.161492
15.7258,2.05329
15.74738,1.929189
15.7704,1.7944
15.79243,1.704595
15.81462,1.601898
15.83668,1.490582
15.85877,1.374221
15.88261,1.255831
15.90485,1.188764
15.92629,1.113555
15.94898,1.083964
15.97291,1.042722
15.9937,1.041892
16.01538,1.022913
16.03801,1.099227
16.06094,1.191865
16.08323,1.303923
16.10513,1.422664
16.12677,1.493093
16.15059,1.524094
16.17213,1.572565
16.19477,1.635092
16.21718,1.707905
16.23925,1.795333
16.26068,1.885502
16.28412,1.976294
16.30549,2.073694
16.32829,2.167033
16.35093,2.204579
16.37227,2.195493
16.39482,2.200448
16.41761,2.165434
16.43913,2.149549
16.46118,2.09817
16.48419,2.07058
16.50692,2.011874
16.52906,1.979865
16.55215,1.926746
16.57305,1.900756
16.59661,1.897203
16.61846,1.911888
16.63985,1.948665
16.66374,1.943414
16.6852,1.965093
16.70794,1.947384
16.73016,1.899004
16.75181,1.825696
16.77442,1.734252
16.79628,1.629522
16.8202,1.566932
16.84191,1.488887
16.86508,1.399336
16.88641,1.353841
16.90891,1.344078
16.93163,1.313308
16.95373,1.316194
16.97729,1.295403
16.99919,1.255801
17.02049,1.251786
17.0437,1.226555
17.06643,1.184567
17.08821,1.1888
17.11062,1.171339
17.13272,1.187494
17.15468,1.180475
17.17773,1.204926
17.20074,1.277509
17.2216,1.312059
17.24446,1.434376
17.26659,1.481093
17.28842,1.649228
17.31057,1.807295
17.33408,2.085483
17.35571,2.18406
17.37779,2.274897
17.39999,2.324621
17.42267,2.394129
17.44544,2.376932
17.46801,2.371731
17.48952,2.325113
17.51215,2.297365
17.53454,2.233746
17.55705,2.220673
17.57965,2.246098
17.60225,2.284492
17.62419,2.325516
17.64572,2.418844
17.6688,2.502067
17.69104,2.532542
17.71349,2.511972
17.73548,2.451186
17.75766,2.409739
17.78131,2.33384
17.80315,2.282213
17.82468,2.251138
17.84744,2.237284
17.86961,2.295245
17.89116,2.35371
17.91464,2.417455
17.93655,2.477465
17.9587,2.533404
17.98187,2.534193
18.00377,2.491064
18.02635,2.463226
18.04877,2.397389
18.07158,2.301946
18.09355,2.235061
18.11702,2.140844
18.13756,2.05303
18.15975,1.969205
18.18282,1.923611
18.20496,1.852144
18.22733,1.866578
18.25108,1.949435
18.27243,2.032403
18.29512,2.114732
18.31705,2.200974
18.33909,2.282884
18.36076,2.359973
18.38457,2.380951
18.40552,2.406957
18.42897,2.436563
18.45061,2.468602
18.47224,2.508631
18.49554,2.547409
18.51805,2.58456
18.54001,2.568495
18.56148,2.561377
18.58538,2.517148
18.60649,2.48792
18.62857,2.522214
18.65124,2.557266
18.67325,2.593032
18.696,2.661186
18.71815,2.744511
18.74011,2.770188
18.76284,2.793162
18.78572,2.762693
18.80732,2.69023
18.82997,2.634123
18.85356,2.542608
18.87459,2.423824
18.8974,2.285753
18.91957,2.184609
18.94157,2.064281
18.96422,1.929804
18.98745,1.786985
19.00876,1.639898
19.03105,1.491201
19.05338,1.344555
19.07559,1.202154
19.09871,1.123595
19.121,1.09028
19.14259,1.04415
19.16619,1.066171
19.18843,1.190206
19.20981,1.320777
19.23252,1.511031
19.25554,1.740051
19.27818,2.18551
19.30001,2.46927
19.32158,2.627306
19.34374,2.970046
19.3666,3.323912
19.38896,3.803031
19.41061,3.92551
19.43347,4.191878
19.45559,4.263676
19.47844,4.270731
19.50077,4.200683
19.52294,4.120911
19.54498,3.983167
19.56734,3.858303
19.58966,3.740188
19.61265,3.579569
19.63542,3.437393
19.6566,3.31266
19.67901,3.153458
19.70148,2.97412
19.724,2.828692
19.74674,2.687147
19.76921,2.54878
19.79097,2.391904
19.81269,2.222822
19.83517,2.046804
19.8576,1.91908
19.88003,1.781919
19.90273,1.639513
19.92445,1.546181
19.9477,1.443407
19.97017,1.385632
19.99146,1.371018
20.01434,1.385865
20.03662,1.475161
20.05788,1.623013
20.08204,1.765278
20.10333,1.855116
20.12534,1.946064
20.14836,1.986293
20.17037,2.035559
20.19302,2.039692
20.21566,2.007545
20.23789,1.996705
20.25981,2.003675
20.28244,1.97336
20.30407,1.96495
20.32687,2.005963
20.34933,2.078116
20.37133,2.150872
20.39339,2.222082
20.41709,2.32118
20.43816,2.386579
20.46082,2.448424
20.4834,2.454763
20.50564,2.545097
20.52835,2.648604
20.55106,2.736717
20.57287,2.816112
20.5945,2.882161
20.6172,2.962646
20.63942,3.04996
20.66149,3.123078
20.685,3.126696
20.70613,3.125092
20.72897,3.068554
20.75091,2.968077
20.77347,2.885337
20.79532,2.794049
20.81814,2.694784
20.8406,2.617243
20.86304,2.508466
20.88548,2.427094
20.90795,2.420177
20.93002,2.422862
20.95255,2.43311
20.97537,2.454521
20.99739,2.562741
21.01933,2.680405
21.04174,2.778667
21.06441,2.860252
21.08648,2.931373
21.10892,2.987922
21.13123,2.981224
21.15357,2.974383
21.17626,2.994181
21.19888,2.981559
21.22043,2.969776
21.24267,2.958663
21.265,2.948684
21.28758,2.994956
21.30987,2.980011
21.33248,2.966518
21.355,2.954246
21.37705,2.993244
21.39935,3.074465
21.42124,3.137061
21.44376,3.188046
21.46661,3.274088
21.48878,3.337162
21.51092,3.380416
21.53344,3.322954
21.55566,3.303817
21.57812,3.305195
21.60127,3.299045
21.6223,3.287631
21.64558,3.271451
21.6678,3.302267
21.68985,3.320058
21.71244,3.378529
21.734,3.468154
21.75614,3.55746
21.77856,3.594929
21.80171,3.61295
21.82405,3.614106
21.84601,3.652668
21.86828,3.670298
21.89042,3.67089
21.91402,3.60689
21.93554,3.542501
21.95739,3.483066
21.98118,3.424547
22.00289,3.316967
22.02453,3.222355
22.0472,3.089281
22.06953,2.927213
22.09114,2.745114
22.11457,2.549394
22.13705,2.346073
22.15913,2.14091
22.18059,1.937133
22.2039,1.738041
22.2252,1.597032
22.24786,1.454763
22.26952,1.364772
22.29278,1.267911
22.31438,1.217989
22.33718,1.206619
22.35939,1.2314
22.38213,1.280649
22.4036,1.348839
22.42636,1.431187
22.44954,1.47274
22.47161,1.480518
22.49347,1.460809
22.51692,1.469243
22.53793,1.450252
22.56053,1.409393
22.58376,1.402344
22.60542,1.372003
22.62758,1.374137
22.64986,1.351713
22.67233,1.359856
22.69493,1.393534
22.71725,1.447163
22.73897,1.515088
22.76152,1.547331
22.78413,1.597058
22.80631,1.686891
22.82898,1.754145
22.85219,1.828612
22.87354,1.906859
22.89577,1.992044
22.9188,2.076746
22.94001,2.109069
22.96241,2.149742
22.98648,2.19573
23.00764,2.244454
23.02985,2.244481
23.05288,2.256622
23.07437,2.226957
23.09718,2.163673
23.11976,2.074535
23.14201,2.01671
23.16442,1.935201
23.18664,1.885822
23.20817,1.91432
23.23065,1.953827
23.25406,2.056659
23.27519,2.154643
23.29822,2.296991
23.31999,2.425435
23.34237,2.537654
23.36617,2.634008
23.38739,2.665763
23.40929,2.695456
23.43198,2.722204
23.45396,2.696041
23.47631,2.677509
23.49977,2.666274
23.52114,2.661121
23.54342,2.660241
23.56543,2.714394
23.58882,2.811443
23.61032,2.891453
23.63392,3.034897
23.65504,3.073359
23.6776,3.147857
23.70007,3.210211
23.72197,3.224744
23.7444,3.257141
23.7674,3.261982
23.78918,3.295771
23.81166,3.315131
23.8337,3.322769
23.85637,3.29725
23.87835,3.292817
23.90154,3.2822
23.92282,3.266777
23.94569,3.247706
23.97006,3.226017
23.99063,3.151769
24.01381,3.036262
24.03587,2.940182
24.05795,2.809931
24.0806,2.705897
24.1026,2.624133
24.12475,2.564762
24.14777,2.624032
24.1702,2.676007
24.19108,2.77196
24.2142,2.851803
24.23672,2.918763
24.25942,2.972178
24.28153,3.013275
24.30382,3.043668
24.32579,3.064873
24.34893,3.078257
24.36904,3.085817
24.39222,3.088541
24.4151,3.08654
24.43731,3.084093
24.45921,3.07797
24.48169,3.069746
24.50494,3.109993
24.52644,3.166882
24.5502,3.233386
24.57093,3.281245
24.59376,3.313168
24.61615,3.330859
24.63795,3.337442
24.65992,3.284147
24.68409,3.234853
24.70542,3.188874
24.72766,3.148749
24.7496,3.060935
24.77212,2.986811
24.79439,2.92506
24.8172,2.874447
24.83876,2.836016
24.86183,2.755054
24.88411,2.69183
24.90657,2.593345
24.92807,2.518783
24.95188,2.414137
24.97501,2.337736
24.99578,2.26158
25.01897,2.18502
25.03981,2.135382
25.06429,2.107687
25.08509,2.099002
25.10888,2.157235
25.12888,2.267821
25.15255,2.367772
25.17441,2.457132
25.19699,2.587879
25.21914,2.749652
25.24102,2.832587
25.26374,2.953305
25.28627,3.026125
25.30822,3.055481
25.33146,3.025563
25.35203,2.998042
25.37527,2.948686
25.39691,2.880734
25.42002,2.824988
25.44176,2.730208
25.46471,2.605456
25.48709,2.508656
25.50961,2.386928
25.53238,2.245627
25.55407,2.091733
25.5764,1.957106
25.59912,1.837779
25.62063,1.759602
25.64331,1.715364
25.66624,1.700146
25.68771,1.759289
25.71,1.827246
25.73302,1.902678
25.75483,1.981098
25.77773,2.112074
25.79992,2.231063
25.82172,2.338992
25.84449,2.387766
25.86672,2.361212
25.88894,2.348218
25.91191,2.296438
25.93417,2.264913
25.95665,2.226
25.97843,2.229617
26.00037,2.193599
26.02294,2.17664
26.04565,2.201775
26.06757,2.310332
26.09011,2.35788
26.11221,2.404959
26.13399,2.450823
26.15718,2.495445
26.17908,2.48811
26.20216,2.48843
26.22366,2.444219
26.24676,2.442822
26.26884,2.473628
26.29142,2.506616
26.31333,2.540049
26.33654,2.601311
26.35807,2.731569
26.38019,2.840277
26.4039,2.92838
26.42492,2.998275
26.44774,3.051408
26.46967,3.040073
26.49273,3.027452
26.51645,2.990446
26.53673,2.932366
26.55945,2.88451
26.58214,2.845794
26.60355,2.76369
26.6265,2.698917
26.64905,2.64864
26.67156,2.561391
26.69341,2.444973
26.71648,2.307708
26.73752,2.205935
26.76048,2.08477
26.78278,1.949981
26.80497,1.806551
26.82759,1.708596
26.8503,1.649972
26.87203,1.624205
26.89491,1.677005
26.91714,1.741035
26.93921,1.81379
26.96187,1.891582
26.98593,1.972087
27.00701,2.052615
27.02832,2.132498
27.05111,2.158982
27.07299,2.192478
27.09597,2.18108
27.11955,2.184285
27.13996,2.148478
27.16372,2.082485
27.18522,2.019863
27.207,1.957869
27.22966,1.873998
27.25228,1.823867
27.27488,1.801948
27.29734,1.80326
27.31891,1.822614
27.34116,1.857
27.36514,1.953674
27.38649,2.048389
27.40829,2.089124
27.4309,2.136163
27.45293,2.188212
27.47517,2.243419
27.497,2.275721
27.51976,2.284872
27.5418,2.302083
27.56458,2.325525
27.58642,2.379971
27.60895,2.455931
27.63222,2.574225
27.65376,2.675558
27.67625,2.761344
27.69918,2.832258
27.72099,2.83994
27.74312,2.846239
27.76798,2.833712
27.78773,2.804653
27.81021,2.71673
27.8326,2.647754
27.85495,2.545344
27.8768,2.468386
27.90044,2.372365
27.9223,2.271841
27.94417,2.240132
27.9673,2.177524
27.98908,2.149136
28.01179,2.139108
28.03404,2.093391
28.05618,2.097051
28.07938,2.137978
28.10037,2.184293
28.12394,2.233404
28.14665,2.284522
28.16806,2.386458
28.19054,2.477042
28.21357,2.557643
28.23617,2.67865
28.25735,2.830291
28.28012,2.954133
28.3027,3.103234
28.32394,3.270126
28.34626,3.42498
28.36889,3.615367
28.39188,3.756787
28.41441,3.856813
28.43612,3.970654
28.45787,4.095185
28.48016,4.174615
28.50273,4.216553
28.52567,4.226533
28.54852,4.210894
28.57,4.17417
28.5915,4.121812
28.61446,4.056927
28.63712,3.983808
28.6585,3.905259
28.68164,3.822993
28.70373,3.739872
28.72562,3.656792
28.74891,3.575211
28.77113,3.49703
28.79331,3.422942
28.81641,3.302033
28.83751,3.196789
28.86013,3.106082
28.8821,3.028745
28.90483,2.963589
28.92733,2.96013
28.94967,2.95602
28.97551,2.952346
28.99961,2.948203
29.01681,2.892678
29.03982,2.796509
29.06068,2.669465
29.0839,2.570362
29.10623,2.444162
29.12828,2.299019
29.15008,2.192528
29.17294,2.067592
29.19605,1.956817
29.21778,1.856796
29.2389,1.793846
29.26274,1.761278
29.28486,1.754655
29.30645,1.768404
29.32914,1.799156
29.35146,1.792459
29.37395,1.805475
29.39595,1.834997
29.41871,1.878135
29.44038,1.930765
29.46413,1.939475
29.48581,1.96328
29.50854,1.998762
29.53045,2.042326
29.55344,2.040969
29.57534,2.08146
29.59806,2.151549
29.61983,2.221199
29.64267,2.289297
29.66432,2.35491
29.68673,2.393037
29.70936,2.405597
29.73265,2.423429
29.75336,2.395286
29.77607,2.329663
29.79971,2.285513
29.82128,2.208835
29.84281,2.10791
29.86568,2.039815
29.88784,1.948814
29.91111,1.854176
29.93229,1.838694
29.95505,1.865063
29.97744,1.929161
29.99896,1.997866
30.02201,2.018427
30.04435,2.049537
30.0676,2.020188
30.08879,2.020494
30.11057,1.993187
30.13384,1.924264
30.15561,1.906165
30.17802,1.882092
30.20184,1.879452
30.222,1.892155
30.24516,2.069923
30.26828,2.283375
30.29036,2.467023
30.31229,2.623114
30.33531,2.804813
30.35708,2.954143
30.37955,3.073885
30.40125,3.166784
30.42468,3.186387
30.44664,3.196959
30.46865,3.200027
30.49087,3.196973
30.51366,3.239656
30.536,3.267592
30.55759,3.283107
30.58151,3.287898
30.60337,3.284689
30.62484,3.301787
30.64703,3.331566
30.66977,3.347835
30.69199,3.352081
30.71428,3.397191
30.73691,3.423941
30.7585,3.435145
30.78145,3.383337
30.80333,3.332593
30.82557,3.309928
30.84827,3.308496
30.87032,3.299862
30.89326,3.234897
30.91562,3.176117
30.93753,3.124092
30.95995,3.077727
30.98449,3.036754
31.0062,2.976919
31.02678,2.927713
31.05056,2.860458
31.07263,2.806358
31.09502,2.712471
31.11784,2.63942
31.1395,2.584659
31.16253,2.545198
31.1833,2.46796
31.2068,2.439393
31.22929,2.448083
31.25035,2.462757
31.27332,2.481993
31.29459,2.531831
31.31798,2.602384
31.33981,2.664568
31.36216,2.717995
31.38515,2.790138
31.4076,2.823592
31.42976,2.850941
31.45158,2.823048
31.47473,2.777544
31.49728,2.715183
31.51886,2.616847
31.54093,2.542394
31.56321,2.436874
31.58534,2.38592
31.60808,2.376631
31.63063,2.377224
31.65269,2.385797
31.67535,2.451332
31.69744,2.561827
31.71978,2.705817
31.74182,2.824993
31.76488,2.922493
31.78612,3.000135
31.80863,3.010289
31.83123,3.016228
31.85384,2.96806
31.87569,2.92704
31.89915,2.841993
31.92094,2.722982
31.94333,2.62934
31.96676,2.438053
31.98788,2.391142
32.00998,2.279043
32.03308,2.148198
32.05626,2.001282
32.0775,1.970285
32.09909,1.941618
32.12146,1.934128
32.14566,1.986519
32.16655,1.990947
32.18923,2.02207
32.21096,2.012708
32.23386,2.009871
32.25586,2.015586
32.27831,2.035413
32.30184,2.066331
32.32285,2.105661
32.34544,2.127226
32.36775,2.130591
32.39045,2.19772
32.41422,2.266966
32.43523,2.283227
32.45705,2.306898
32.47883,2.336155
32.50177,2.369421
32.52345,2.408323
32.54745,2.448889
32.56839,2.489357
32.59219,2.478394
32.61404,2.476603
32.63715,2.532871
32.65832,2.583814
32.6805,2.630299
32.70292,2.722213
32.7247,2.79945
32.74751,2.863385
32.77073,2.864851
32.79206,2.86632
32.81522,2.867766
32.83586,2.845263
32.85874,2.800319
32.88194,2.766214
32.90388,2.69001
32.92591,2.631492
32.94915,2.587706
32.97471,2.506782
32.99355,2.396425
33.01667,2.341832
33.03679,2.329996
33.05981,2.329292
33.08274,2.337623
33.10478,2.403376
33.12782,2.515328
33.1502,2.662242
33.17249,2.837593
33.19379,3.030949
33.21705,3.235539
33.23892,3.394974
33.26163,3.464495
33.28456,3.510384
33.30688,3.537222
33.3286,3.497578
33.35013,3.454621
33.3732,3.359117
33.39613,3.30001
33.41859,3.269539
33.43944,3.238744
33.46257,3.207477
33.48463,3.176379
33.50774,3.246323
33.52952,3.296546
33.5526,3.379671
33.57317,3.441257
33.59685,3.581631
33.61846,3.733552
33.64071,3.841621
33.66359,3.912197
33.68576,3.951196
33.70717,4.0145
33.73093,4.050754
33.75224,4.059472
33.77507,4.122957
33.79703,4.175888
33.81947,4.194454
33.84237,4.139125
33.86505,4.097729
33.88709,4.065677
33.90854,4.018116
33.93107,4.009205
33.9535,3.98247
33.97641,3.941399
33.99813,3.88948
34.02035,3.833185
34.04296,3.72025
34.0652,3.563406
34.08732,3.424472
34.10994,3.251767
34.13284,3.110419
34.15417,2.941278
34.17742,2.853773
34.19923,2.833827
34.22144,2.818471
34.24382,2.857686
34.26626,2.917269
34.28883,2.988864
34.31044,2.995103
34.3361,2.979948
34.35538,2.951716
34.37787,2.80694
34.40112,2.721849
34.42299,2.604329
34.4454,2.51395
34.46808,2.44654
34.49048,2.399543
34.51237,2.320092
34.53464,2.270147
34.55804,2.341601
34.57951,2.408904
34.60162,2.471701
34.62363,2.529734
34.64637,2.58928
34.66911,2.693153
34.69033,2.780657
34.71391,2.853382
34.73579,2.938949
34.75752,3.080688
34.78038,3.191309
34.80246,3.324478
34.8246,3.47925
34.84765,3.692992
34.86891,3.850309
34.89137,3.959881
34.91353,4.079454
34.9363,4.160301
34.95892,4.203671
34.98166,4.164942
35.00357,4.110947
35.02568,3.994993
35.04753,3.881459
35.07038,3.721341
35.09277,3.581864
35.1164,3.405972
35.13702,3.254244
35.1604,3.124764
35.18181,3.015601
35.20374,2.924751
35.22654,2.927539
35.24935,2.953052
35.27132,3.028417
35.2937,3.086097
35.31568,3.105182
35.33799,3.140692
35.36037,3.115022
35.38397,3.091273
35.40509,3.017842
35.42761,2.961218
35.45065,2.91466
35.47271,2.876363
35.49454,2.845399
35.51766,2.821667
35.53951,2.804224
35.56156,2.791513
35.585,2.834099
35.60672,2.926255
35.62896,3.000086
35.65118,3.108336
35.67336,3.191978
35.69617,3.33072
35.71859,3.459148
35.74039,3.603514
35.76391,3.707692
35.78519,3.759394
35.80725,3.759238
35.82996,3.694327
35.85371,3.627336
35.87506,3.536785
35.89828,3.425332
35.9197,3.274958
35.94273,3.146187
35.96714,3.041385
35.99287,2.977785
36.00945,2.95696
36.03141,2.982701
36.05366,3.001942
36.07525,3.041148
36.09849,3.093271
36.12112,3.18146
36.14351,3.246807
36.16663,3.298521
36.18754,3.332257
36.21014,3.351594
36.2334,3.410928
36.25505,3.423175
36.27676,3.454767
36.29948,3.522154
36.321,3.5654
36.34298,3.594593
36.36721,3.728124
36.38871,3.757218
36.41019,3.80704
36.43288,3.830307
36.4554,3.885522
36.47782,3.900604
36.50052,3.925198
36.52243,3.926807
36.54604,3.960195
36.5666,4.000741
36.58945,4.067268
36.61156,4.070685
36.63439,4.102761
36.6562,4.135415
36.67859,4.163834
36.70084,4.164192
36.72349,4.141777
36.74572,4.102154
36.76944,3.998096
36.79076,3.893187
36.81221,3.739819
36.83617,3.63302
36.85776,3.557179
36.87912,3.483022
36.90316,3.412277
36.92496,3.345928
36.94723,3.284282
36.97035,3.176655
36.99231,3.091071
37.01356,2.967379
37.03741,2.865563
37.05844,2.732089
37.08029,2.626494
37.10389,2.494714
37.12584,2.344141
37.14824,2.231526
37.17089,2.101107
37.19317,2.009143
37.21576,1.89966
37.23713,1.828478
37.25921,1.789192
37.28307,1.776437
37.30364,1.785397
37.3265,1.811773
37.34842,1.851793
37.37157,1.95264
37.39352,2.050505
37.41694,2.143546
37.43811,2.289282
37.46061,2.417584
37.48265,2.529532
37.5057,2.652813
37.52784,2.780437
37.55085,2.885429
37.5715,2.977445
37.59467,3.077654
37.61707,3.128673
37.63922,3.165514
37.66183,3.139825
37.68439,3.114317
37.70625,3.09669
37.72887,3.078486
37.7508,3.009659
37.77349,2.951505
37.79616,2.933929
37.81792,2.99691
37.84051,3.09594
37.86347,3.172416
37.8987,3.385235
37.91396,3.471819
37.93559,3.558894
37.9529,3.611496
37.97518,3.659593
37.99759,3.68474
38.01963,3.639591
38.04203,3.589577
38.064,3.536467
38.08652,3.539654
38.10995,3.529972
38.13111,3.511344
38.15224,3.484997
38.17439,3.452883
38.19783,3.525319
38.21923,3.572525
38.24245,3.658434
38.26437,3.714962
38.28653,3.795648
38.30877,3.844781
38.33156,3.867469
38.35302,3.817125
38.37579,3.767725
38.3982,3.661526
38.42067,3.561649
38.44252,3.527767
38.46569,3.488815
38.48745,3.446445
38.50955,3.452473
38.53325,3.456209
38.55529,3.475539
38.5789,3.503516
38.60072,3.492665
38.6222,3.517435
38.64549,3.55809
38.66774,3.551763
38.6895,3.542117
38.71314,3.572981
38.73434,3.635334
38.75688,3.730408
38.779,3.84441
38.80139,3.927437
38.82293,4.026664
38.84605,4.164197
38.8686,4.336135
38.88987,4.51043
38.91328,4.622842
38.93488,4.760941
38.95681,4.973002
38.98047,5.11645
39.00217,5.29395
39.02449,5.405172
39.04624,5.532496
39.06897,5.667445
39.09128,5.778098
39.11484,5.902475
39.13601,6.010025
39.15826,6.066698
39.18143,6.11588
39.20297,6.098727
39.22628,6.053998
39.2482,5.994841
39.27034,5.840883
39.29192,5.663947
39.31507,5.499398
39.3375,5.352286
39.35946,5.239985
39.38183,5.116563
39.40416,4.976328
39.42615,4.850865
39.44806,4.79733
39.47046,4.720114
39.49396,4.662266
39.51646,4.607182
39.53815,4.531289
39.5601,4.440696
39.58317,4.399554
39.60538,4.339378
39.6273,4.273476
39.64985,4.197472
39.67211,4.121271
39.69518,4.088029
39.71712,4.089303
39.73966,4.069193
39.76123,4.041352
39.78448,3.97515
39.80664,3.936271
39.82892,3.8861
39.8519,3.827669
39.87312,3.763546
39.89653,3.756044
39.91769,3.73367
39.94031,3.760603
39.96309,3.768024
39.98652,3.908745
40.0078,4.003929
40.02942,4.070937
40.05219,4.153824
40.074,4.208288
40.09686,4.27862
40.11914,4.310808
40.14175,4.321487
40.16544,4.331211
40.1868,4.346765
40.20835,4.335546
40.231,4.411486
40.25311,4.44612
40.27547,4.522821
40.29762,4.640233
40.31992,4.705827
40.34314,4.787313
40.36477,4.825851
40.38733,4.828247
40.40907,4.796624
40.43227,4.737184
40.45413,4.60657
40.47575,4.419848
40.50017,4.064555
40.52084,3.931959
40.5437,3.703565
40.56598,3.503139
40.58813,3.33997
40.61098,3.200338
40.63406,3.113758
40.65507,3.109588
40.67815,3.163436
40.69962,3.181777
40.722,3.220831
40.745,3.371089
40.76934,3.443896
40.78886,3.477695
40.81227,3.581738
40.83458,3.639277
40.85602,3.684547
40.8792,3.716742
40.90226,3.727195
40.92397,3.669434
40.94576,3.635241
40.96889,3.628709
40.99052,3.612209
41.01313,3.546222
41.03462,3.507166
41.05744,3.487938
41.07988,3.460778
41.10188,3.439153
41.12402,3.4109
41.14606,3.40319
41.16821,3.410415
41.19099,3.417572
41.21378,3.46577
41.23531,3.503666
41.25784,3.522468
41.28077,3.526235
41.3026,3.517773
41.32454,3.537073
41.34706,3.524703
41.3689,3.503205
41.39272,3.424244
41.41449,3.357942
41.43569,3.276677
41.45872,3.176869
41.48106,3.10149
41.50403,2.986139
41.52654,2.890755
41.55009,2.813151
41.57126,2.762387
41.59369,2.787118
41.61749,2.858338
41.63798,2.916238
41.66061,3.023018
41.68394,3.107046
41.70555,3.172196
41.72818,3.230542
41.74966,3.271522
41.77174,3.297667
41.79405,3.317297
41.81742,3.381214
41.83951,3.435332
41.86264,3.469978
41.88343,3.537986
41.90624,3.595193
41.92779,3.678508
41.95044,3.743299
41.97561,3.781181
41.99591,3.795876
42.01755,3.802977
42.03983,3.744371
42.06205,3.693811
42.08443,3.638414
42.10686,3.529631
42.12905,3.430726
42.15162,3.351585
42.17402,3.228592
42.19651,3.072252
42.21875,2.892403
42.24122,2.695912
42.26324,2.551427
42.28585,2.390366
42.30808,2.217889
42.33124,2.089677
42.35287,2.000381
42.37491,1.984066
42.39746,2.022072
42.42013,2.118248
42.44189,2.259858
42.46573,2.474136
42.48589,2.719406
42.50931,2.955867
42.53156,3.196411
42.55348,3.385519
42.57606,3.567399
42.59924,3.678536
42.62136,3.703946
42.64454,3.737375
42.66553,3.727327
42.68845,3.71052
42.71011,3.632666
42.7337,3.499261
42.75511,3.45873
42.77848,3.359997
42.79997,3.329791
42.82194,3.284106
42.84484,3.267453
42.86718,3.256498
42.88935,3.241627
42.91222,3.223041
42.9339,3.213923
42.95637,3.201267
42.97911,3.197367
43.00074,3.188465
43.02275,3.174924
43.04558,3.191662
43.06867,3.229305
43.08998,3.318723
43.11258,3.382325
43.13444,3.412312
43.15745,3.449901
43.17929,3.469416
43.20353,3.488858
43.22452,3.493742
43.24795,3.499127
43.26862,3.492433
43.29095,3.527084
43.31433,3.558793
43.33667,3.573959
43.35866,3.586371
43.38183,3.583848
43.4028,3.581767
43.42439,3.594202
43.44955,3.576802
43.47025,3.552945
43.49306,3.522241
43.51519,3.462269
43.53675,3.439833
43.56004,3.362017
43.58237,3.290367
43.60278,3.237635
43.62676,3.137968
43.64911,3.052566
43.67068,3.030613
43.69334,3.025351
43.71675,3.145428
43.73794,3.290979
43.76037,3.451925
43.78333,3.68629
43.80532,3.894598
43.82717,4.142139
43.85121,4.319529
43.87241,4.4764
43.89467,4.574732
43.91669,4.597166
43.93918,4.598012
43.9624,4.517092
43.9851,4.381
44.00624,4.250389
44.02958,4.120168
44.05092,3.942458
44.07371,3.780481
44.09526,3.639413
44.11787,3.568259
44.13934,3.499093
44.16135,3.445155
44.18424,3.390572
44.206,3.337217
44.2286,3.285779
44.25135,3.248972
44.27338,3.215429
44.29599,3.220808
44.31743,3.242549
44.34069,3.316292
44.36288,3.367577
44.3858,3.441816
44.40728,3.515478
44.42965,3.576327
44.45194,3.613218
44.47416,3.636294
44.49792,3.647091
44.51963,3.644157
44.54176,3.641568
44.56453,3.652084
44.58752,3.683854
44.60917,3.695272
44.63248,3.703501
44.65469,3.789968
44.67607,3.919279
44.69836,4.019912
44.72001,4.094795
44.74315,4.084257
44.76738,4.105996
44.78836,4.103609
44.81046,4.058273
44.83238,3.950143
44.85487,3.84359
44.8768,3.689767
44.90055,3.414914
44.92156,3.336529
44.94437,3.237135
44.96733,3.144987
44.98837,3.118483
45.01126,3.064747
45.03442,3.047972
45.05759,3.004786
45.07864,2.981201
45.10077,2.960141
45.12423,2.943561
45.14597,2.942635
45.16787,2.889431
45.19012,2.845967
45.21295,2.810415
45.23484,2.795347
45.25694,2.797192
45.27985,2.748795
45.30235,2.711702
45.32407,2.683639
45.3463,2.680296
45.36833,2.629645
45.39075,2.606792
45.41319,2.592897
45.43597,2.586525
45.45734,2.58632
45.4808,2.554729
45.50278,2.537536
45.52491,2.556439
45.54799,2.615587
45.56973,2.668704
45.59276,2.730131
45.61415,2.849752
45.63686,2.961886
45.65984,3.100742
45.68234,3.223349
45.70369,3.31641
45.7267,3.451465
45.7495,3.550452
45.77041,3.5827
45.79262,3.596305
45.81638,3.662157
45.8379,3.650415
45.86023,3.641493
45.88246,3.569509
45.90533,3.475096
45.92684,3.361503
45.94995,3.274433
45.97395,3.20685
45.99452,3.102242
46.01692,3.014199
46.03874,2.939589
46.06112,2.841883
46.08326,2.762489
46.10567,2.717408
46.1282,2.748471
46.15028,2.777911
46.17239,2.868334
46.19514,2.975111
46.2183,3.154805
46.24003,3.347982
46.26224,3.560296
46.28416,3.784262
46.30693,4.017036
46.32888,4.200162
46.35171,4.375481
46.37387,4.508017
46.39616,4.601362
46.41942,4.596108
46.44082,4.560763
46.46346,4.452044
46.48545,4.343623
46.50824,4.18611
46.53132,3.98795
46.55302,3.757359
46.57499,3.504987
46.59745,3.239371
46.61968,3.033281
46.6412,2.813055
46.66432,2.612653
46.68748,2.478788
46.70901,2.378028
46.73294,2.305066
46.75389,2.220336
46.77585,2.163117
46.79852,2.093636
46.82001,1.999826
46.84366,1.888703
46.86572,1.792114
46.88762,1.706358
46.9101,1.675211
46.93231,1.67082
46.9543,1.664682
46.97799,1.780863
47.00166,1.867405
47.02118,1.926563
47.04361,2.055832
47.06735,2.233305
47.08875,2.287967
47.111,2.366343
47.13317,2.439483
47.15561,2.544489
47.17817,2.593852
47.20171,2.653019
47.22281,2.722115
47.24577,2.831168
47.26693,2.984778
47.29007,3.107401
47.31242,3.216967
47.33496,3.302653
47.35645,3.379706
47.3792,3.433166
47.40086,3.481842
47.4234,3.4601
47.4465,3.432136
47.46917,3.349198
47.4907,3.273592
47.51337,3.219776
47.53544,3.16996
47.55776,3.124401
47.57994,3.101201
47.60181,3.042722
47.62549,3.018938
47.64721,3.020978
47.66961,3.035232
47.69181,2.99359
47.71518,2.906515
47.73758,2.85378
47.75955,2.760956
47.78247,2.687669
47.8039,2.596559
47.82631,2.477128
47.84916,2.387289
47.87085,2.275637
47.8934,2.211124
47.91524,2.147038
47.93789,2.0817
47.96116,2.042639
47.98388,1.990635
48.00444,1.913541
48.02711,1.867915
48.04958,1.813665
48.07208,1.737861
48.09445,1.699418
48.11659,1.688851
48.13881,1.717391
48.16036,1.760749
48.18307,1.831062
48.20612,1.925626
48.22752,2.034437
48.25087,2.137291
48.27292,2.299575
48.29478,2.444115
48.31744,2.533188
48.34013,2.560814
48.3628,2.587864
48.38567,2.579996
48.4066,2.531358
48.4289,2.447476
48.45085,2.336533
48.47406,2.204845
48.49619,2.060217
48.51868,1.906892
48.54091,1.799651
48.56351,1.681207
48.58555,1.606178
48.60746,1.53368
48.63097,1.448017
48.65179,1.403596
48.67467,1.342958
48.69672,1.285982
48.71952,1.267708
48.74112,1.281846
48.76455,1.321133
48.78543,1.389027
48.80831,1.528356
48.83117,1.683711
48.85273,1.880822
48.87612,2.124166
48.89837,2.403809
48.92023,2.65445
48.94247,2.860475
48.96554,3.043561
48.98751,3.191908
49.0101,3.255989
49.03255,3.26667
49.05505,3.218342
49.07711,3.122973
49.09956,3.042127
49.12144,2.926289
49.14543,2.70111
49.16639,2.651001
49.18909,2.461038
49.21211,2.360818
49.23321,2.328467
49.25681,2.284189
49.27779,2.211361
49.30067,2.163188
49.32237,2.135802
49.34536,2.118795
49.36782,2.094845
49.38962,2.053953
49.41232,2.0352
49.43439,2.034673
49.45702,2.06505
49.47904,2.138914
49.5018,2.192025
49.52316,2.266259
49.54662,2.403631
49.56809,2.526271
49.59112,2.631673
49.61315,2.736734
49.63634,2.824153
49.65756,2.861644
49.68062,2.892156
49.70235,2.916454
49.72543,2.951602
49.74681,2.928231
49.76967,2.927776
49.79129,2.875958
49.81457,2.833875
49.83541,2.843291
49.85867,2.891757
49.88103,2.950314
49.90277,2.995444
49.92572,3.09666
49.94756,3.244452
49.97402,3.356208
49.99203,3.453908
50.01512,3.558484
50.03738,3.663343
50.05912,3.750092
50.08249,3.873524
50.10496,4.021987
50.12746,4.189113
50.14925,4.371335
50.1713,4.509503
50.19381,4.601449
50.21603,4.656581
50.23869,4.687362
50.26015,4.680367
50.28404,4.686209
50.30574,4.651761
50.32727,4.592522
50.35038,4.531066
50.37275,4.401728
50.39463,4.280587
50.41753,4.167156
50.43953,4.052435
50.46151,3.905966
50.48397,3.795693
50.50713,3.664406
50.52943,3.560981
50.55202,3.415422
50.57323,3.258366
50.59665,3.123573
50.6177,3.009926
50.64078,2.864999
50.66259,2.764592
50.68578,2.685124
50.70732,2.640929
50.73023,2.609137
50.75223,2.540774
50.77485,2.508158
50.79661,2.488072
50.81927,2.445106
50.84162,2.367329
50.86476,2.313157
50.88641,2.245651
50.90921,2.154757
50.93096,2.043289
50.95343,1.967514
50.97885,1.841967
50.9981,1.818091
51.02075,1.770111
51.04329,1.703355
51.06668,1.739941
51.08781,1.77158
51.1091,1.869348
51.13344,2.031715
51.15447,2.063271
51.17609,2.227822
51.20042,2.418102
51.22212,2.483634
51.24422,2.611863
51.26654,2.737493
51.28869,2.862044
51.31008,2.980344
51.33326,3.14204
51.35505,3.307249
51.37812,3.545308
51.39996,3.600742
51.42263,3.769472
51.44435,3.807428
51.46804,3.97346
51.48964,4.040691
51.51139,4.095278
51.53436,4.127202
51.55589,4.139293
51.57898,4.126098
51.60117,4.09419
51.62332,3.996441
51.64571,3.967948
51.66806,3.943096
51.69044,3.953887
51.7125,3.961267
51.73527,4.035654
51.75846,4.126499
51.78083,4.246157
51.80464,4.294403
51.82484,4.283678
51.84893,4.269381
51.86935,4.182004
51.89194,4.109079
51.91444,4.027468
51.9367,3.958781
51.95936,3.884048
51.98172,3.755257
52.00291,3.65313
52.02589,3.556659
52.04729,3.437003
52.07062,3.330172
52.09311,3.253317
52.11536,3.160539
52.13692,3.103506
52.16013,3.019798
52.18166,2.949393
52.20423,2.840547
52.22667,2.773207
52.24929,2.66995
52.27089,2.557186
52.29388,2.422651
52.31646,2.340931
52.33852,2.284092
52.36127,2.266215
52.38364,2.211923
52.40517,2.17354
52.42764,2.177938
52.45029,2.193722
52.47309,2.167193
52.49426,2.186819
52.51755,2.224447
52.53953,2.2842
52.56211,2.342964
52.58419,2.385492
52.60632,2.46424
52.62962,2.553154
52.65109,2.630782
52.67299,2.647446
52.69579,2.664778
52.71841,2.650769
52.7409,2.592878
52.76332,2.548306
52.78538,2.492167
52.80724,2.402895
52.82931,2.356856
52.85174,2.331905
52.87418,2.315391
52.89647,2.285295
52.91847,2.289281
52.94168,2.302012
52.96416,2.394165
52.98647,2.494554
53.0084,2.608704
53.03131,2.678914
53.05331,2.758096
53.07488,2.845607
53.09759,2.917039
53.11972,2.974861
53.14183,3.064691
53.16497,3.152772
53.18661,3.265032
53.20944,3.417756
53.23183,3.503733
53.25389,3.610486
53.28449,3.670874
53.29976,3.683871
53.32092,3.674227
53.34387,3.614865
53.36555,3.563162
53.38756,3.50898
53.40993,3.47244
53.43214,3.45483
53.45507,3.451886
53.47738,3.457732
53.49966,3.524367
53.52211,3.585313
53.54431,3.708913
53.56723,3.877816
53.58898,3.949708
53.61219,3.992321
53.63488,4.052303
53.65594,4.122678
53.67835,4.12583
53.70051,4.108885
53.72354,4.022979
53.74582,3.951767
53.76881,3.824671
53.789,3.704237
53.8124,3.541573
53.83436,3.417182
53.85777,3.256765
53.87928,3.120071
53.90298,2.957855
53.92472,2.783538
53.94765,2.602283
53.97057,2.409741
53.99194,2.261923
54.0141,2.13892
54.03576,2.034394
54.05839,1.9831
54.08104,1.960485
54.10248,1.97687
54.12523,2.052022
54.14826,2.170031
54.16953,2.277969
54.19332,2.397868
54.21563,2.522076
54.23648,2.697996
54.25996,2.792407
54.2822,2.873484
54.30425,2.957513
54.32596,3.023695
54.34914,3.093453
54.37038,3.145291
54.39349,3.230839
54.41754,3.336272
54.43823,3.416821
54.46066,3.491353
54.48239,3.591359
54.506,3.732362
54.52753,3.850386
54.55066,3.93207
54.57227,4.048788
54.59453,4.148577
54.61723,4.25318
54.6391,4.313555
54.66129,4.409806
54.68439,4.455958
54.70605,4.508513
54.72868,4.522198
54.75099,4.527289
54.77311,4.471193
54.79646,4.419893
54.81828,4.351062
54.84038,4.238022
54.86346,4.149401
54.88459,4.049967
54.90715,3.969408
54.93038,3.85696
54.95204,3.748495
54.97598,3.645173
54.99656,3.567068
55.01898,3.491513
55.04089,3.457871
55.06371,3.469508
55.08659,3.510779
55.10828,3.536227
55.13123,3.564417
55.15382,3.673201
55.17542,3.811421
55.19902,3.979858
55.22041,4.116172
55.24319,4.278526
55.26572,4.496558
55.28929,4.708308
55.30907,4.798975
55.33216,4.962535
55.35409,5.114682
55.37663,5.234975
55.39867,5.260004
55.42159,5.238265
55.44376,5.198605
55.46629,5.078477
55.48709,4.942314
55.51092,4.745195
55.53302,4.502165
55.55511,4.272076
55.57697,4.054542
55.60025,3.745927
55.62176,3.694122
55.64398,3.636646
55.66634,3.659428
55.68902,3.641843
55.71138,3.6038
55.73342,3.616753
55.75625,3.670436
55.77898,3.722873
55.80035,3.772639
55.82339,3.867252
55.84647,4.018881
55.86802,4.19171
55.89,4.331601
55.91336,4.527861
55.93481,4.729423
55.95859,4.943472
55.98132,5.103766
56.00198,5.23423
56.02406,5.312189
56.04644,5.341825
56.06898,5.29272
56.09112,5.213649
56.11482,5.106321
56.13554,5.024791
56.15762,4.920881
56.18064,4.819919
56.20301,4.777527
56.22583,4.779462
56.24787,4.77006
56.26974,4.799467
56.29214,4.808512
56.31461,4.744656
56.33694,4.668782
56.35937,4.599052
56.38319,4.461003
56.40363,4.321199
56.42667,4.205879
56.4483,4.058718
56.47073,3.868207
56.49313,3.743075
56.51516,3.629728
56.53745,3.567885
56.56084,3.455103
56.58259,3.353407
56.60504,3.282722
56.62701,3.218135
56.64962,3.159619
56.67221,3.076227
56.69437,3.008588
56.7169,2.971231
56.73983,2.911544
56.76173,2.86242
56.78382,2.822502
56.80637,2.810505
56.82925,2.800952
56.85182,2.817948
56.87307,2.831772
56.89534,2.886757
56.91787,2.930159
56.94067,2.934227
56.96259,2.935537
56.98542,2.908658
57.00803,2.886133
57.02997,2.838487
57.05157,2.800188
57.07356,2.784347
57.09643,2.73246
57.11819,2.71396
57.14206,2.65455
57.16397,2.636661
57.18555,2.599724
57.20805,2.594916
57.23065,2.616232
57.25224,2.661618
57.27499,2.711907
57.29662,2.714051
57.32019,2.792167
57.3421,2.877413
57.36533,3.019565
57.38726,3.153314
57.40945,3.277126
57.43179,3.444303
57.45418,3.616664
57.47655,3.790772
57.49929,3.936173
57.5208,4.055739
57.54303,4.192992
57.56774,4.371008
57.58809,4.445688
57.61012,4.585439
57.63361,4.775662
57.65494,4.796211
57.67755,4.888325
57.69915,4.948098
57.72189,4.983319
57.74501,4.93525
57.76778,4.828623
57.78977,4.656651
57.81173,4.506664
57.83423,4.318275
57.85564,4.150985
57.87893,3.942895
57.90125,3.705834
57.92325,3.499008
57.94592,3.27001
57.97075,3.098207
57.99009,2.904614
58.01319,2.794455
58.03515,2.750389
58.05682,2.740008
58.07964,2.75469
58.10153,2.788608
58.12404,2.867292
58.14681,2.999921
58.16903,3.128364
58.19166,3.249454
58.2136,3.364754
58.23724,3.523795
58.2581,3.662932
58.28048,3.735509
58.30283,3.729436
58.32527,3.730317
58.34727,3.736967
58.37112,3.679754
58.39279,3.589809
58.41568,3.550249
58.43676,3.506164
58.459,3.40961
58.48207,3.342884
58.5044,3.243128
58.52653,3.167505
58.5495,3.122053
58.57101,3.101797
58.59325,3.104727
58.61575,3.177317
58.6376,3.250981
58.66056,3.298536
58.68326,3.403015
58.70595,3.523223
58.72823,3.659192
58.75016,3.779738
58.77222,3.932807
58.79411,4.085792
58.81695,4.257961
58.83901,4.39812
58.86057,4.505917
58.88514,4.639714
58.90735,4.717047
58.92819,4.768991
58.95034,4.802051
58.97584,4.836655
58.99575,4.833155
59.01746,4.817076
59.03978,4.743892
59.063,4.699399
59.08386,4.645164
59.10667,4.553672
59.12974,4.449828
59.15105,4.358478
59.17318,4.259027
59.19769,4.199365
59.21762,4.127396
59.24139,4.071426
59.26334,4.026324
59.28538,4.043383
59.30781,4.129143
59.33074,4.250276
59.35241,4.420246
59.38637,4.785016
59.4009,4.919086
59.4194,4.982358
59.44179,5.120802
59.46452,5.22934
59.48592,5.310408
59.50848,5.358707
59.53086,5.353923
59.55322,5.317291
59.57514,5.304698
59.59794,5.222997
59.62009,5.140033
59.64255,5.032858
59.6658,4.907866
59.68728,4.742136
59.71008,4.545536
59.73343,4.272298
59.75478,4.163513
59.77834,3.825865
59.80054,3.570004
59.82265,3.372227
59.8439,3.266279
59.86743,3.133971
59.88889,3.081628
59.91135,2.94665
59.93428,2.938848
59.95563,2.952917
59.97961,2.983759
60.00089,3.009853
